"","pcap","experiment","pkts_processed","total_baseline_alerts","total_experiment_alerts","avg_num_rules_compared_to","avg_num_contents_compared_to","avg_num_pcre_compared_to","pkts_fowarded_percent","pkts_fowarded_absolute","alerts_true_positive_percent","alerts_true_positive_absolute","alerts_false_positive_percent","alerts_false_positive_absolute","nids_processing_time"
"1","Backdoor_Malware","packet_sampling_10_10",33414,0,0,0,0,0,"52.77",17634,"100",0,"0",0,15.7663912773132
"2","Backdoor_Malware","packet_sampling_10_25",33414,0,0,0,0,0,"45.53",15212,"100",0,"0",0,18.7635312080383
"3","Backdoor_Malware","packet_sampling_10_5",33414,0,0,0,0,0,"64.02",21391,"100",0,"0",0,21.1778540611267
"4","Backdoor_Malware","packet_sampling_10_50",33414,0,0,0,0,0,"41.39",13831,"100",0,"0",0,16.1528429985046
"5","Backdoor_Malware","packet_sampling_25_10",33414,0,0,0,0,0,"65.03",21728,"100",0,"0",0,16.82825922966
"6","Backdoor_Malware","packet_sampling_25_25",33414,0,0,0,0,0,"61.21",20454,"100",0,"0",0,16.5933680534363
"7","Backdoor_Malware","packet_sampling_25_5",33414,0,0,0,0,0,"72.83",24335,"100",0,"0",0,21.3331925868988
"8","Backdoor_Malware","packet_sampling_25_50",33414,0,0,0,0,0,"58.51",19552,"100",0,"0",0,16.5413641929626
"9","Backdoor_Malware","packet_sampling_5_10",33414,0,0,0,0,0,"42.84",14315,"100",0,"0",0,28.8663074970245
"10","Backdoor_Malware","packet_sampling_5_25",33414,0,0,0,0,0,"35.03",11704,"100",0,"0",0,17.4603180885315
"11","Backdoor_Malware","packet_sampling_5_5",33414,0,0,0,0,0,"55.79",18640,"100",0,"0",0,30.6020188331604
"12","Backdoor_Malware","packet_sampling_5_50",33414,0,0,0,0,0,"29.51",9859,"100",0,"0",0,17.6428623199463
"13","Backdoor_Malware","packet_sampling_50_10",33414,0,0,0,0,0,"76.10",25429,"100",0,"0",0,16.4383237361908
"14","Backdoor_Malware","packet_sampling_50_25",33414,0,0,0,0,0,"75.49",25224,"100",0,"0",0,28.7426958084106
"15","Backdoor_Malware","packet_sampling_50_5",33414,0,0,0,0,0,"78.93",26375,"100",0,"0",0,16.5817568302155
"16","Backdoor_Malware","packet_sampling_50_50",33414,0,0,0,0,0,"73.82",24666,"100",0,"0",0,14.7534811496735
"17","Backdoor_Malware","rule_based_eRBF",33414,0,0,0,0,0,"13.83",4620,"100",0,"0",0,70.3029892444611
"18","Backdoor_Malware","rule_based_fast_pattern",33414,0,0,0,0,0,"28.17",9412,"100",0,"0",0,27.9920079708099
"19","Backdoor_Malware","rule_based_header_only",33414,0,0,0,0,0,"71.62",23932,"100",0,"0",0,22.1360421180725
"20","BenignTraffic","packet_sampling_10_10",3664164,10,10,0,0,0,"31.99",1172172,"100.00",10,"0.00",0,15.7316761016846
"21","BenignTraffic","packet_sampling_10_25",3664164,10,10,0,0,0,"26.27",962456,"100.00",10,"0.00",0,15.3824458122253
"22","BenignTraffic","packet_sampling_10_5",3664164,10,10,0,0,0,"36.50",1337252,"100.00",10,"0.00",0,15.8891422748566
"23","BenignTraffic","packet_sampling_10_50",3664164,10,10,0,0,0,"22.94",840391,"100.00",10,"0.00",0,15.5772595405579
"24","BenignTraffic","packet_sampling_25_10",3664164,10,10,0,0,0,"36.90",1351925,"100.00",10,"0.00",0,15.7752962112427
"25","BenignTraffic","packet_sampling_25_25",3664164,10,10,0,0,0,"29.69",1087788,"100.00",10,"0.00",0,15.4133048057556
"26","BenignTraffic","packet_sampling_25_5",3664164,10,10,0,0,0,"41.35",1515308,"100.00",10,"0.00",0,16.0936195850372
"27","BenignTraffic","packet_sampling_25_50",3664164,10,10,0,0,0,"26.33",964789,"100.00",10,"0.00",0,15.4554386138916
"28","BenignTraffic","packet_sampling_5_10",3664164,10,10,0,0,0,"26.14",957876,"100.00",10,"0.00",0,15.3766782283783
"29","BenignTraffic","packet_sampling_5_25",3664164,10,10,0,0,0,"21.26",779099,"100.00",10,"0.00",0,15.2680733203888
"30","BenignTraffic","packet_sampling_5_5",3664164,10,10,0,0,0,"30.90",1132152,"100.00",10,"0.00",0,17.3583245277405
"31","BenignTraffic","packet_sampling_5_50",3664164,10,10,0,0,0,"17.95",657610,"100.00",10,"0.00",0,15.1507258415222
"32","BenignTraffic","packet_sampling_50_10",3664164,10,10,0,0,0,"38.52",1411468,"100.00",10,"0.00",0,16.0227417945862
"33","BenignTraffic","packet_sampling_50_25",3664164,10,10,0,0,0,"31.27",1145843,"100.00",10,"0.00",0,15.8706367015839
"34","BenignTraffic","packet_sampling_50_5",3664164,10,10,0,0,0,"43.03",1576583,"100.00",10,"0.00",0,16.0551731586456
"35","BenignTraffic","packet_sampling_50_50",3664164,10,10,0,0,0,"28.12",1030477,"100.00",10,"0.00",0,15.581027507782
"36","BenignTraffic","rule_based_eRBF",3664164,10,10,0,0,0,"14.59",534714,"100.00",10,"0.00",0,16.4331080913544
"37","BenignTraffic","rule_based_fast_pattern",3664164,10,10,0,0,0,"36.73",1345951,"100.00",10,"0.00",0,17.8221645355225
"38","BenignTraffic","rule_based_header_only",3664164,10,4,0,0,0,"83.52",3060312,"40.00",4,"0.00",0,35.4996917247772
"39","BenignTraffic1","packet_sampling_10_10",2988642,0,0,0,0,0,"20.06",599434,"100",0,"0",0,15.0404341220856
"40","BenignTraffic1","packet_sampling_10_25",2988642,0,0,0,0,0,"14.54",434601,"100",0,"0",0,14.930290222168
"41","BenignTraffic1","packet_sampling_10_5",2988642,0,0,0,0,0,"24.05",718682,"100",0,"0",0,15.1951978206635
"42","BenignTraffic1","packet_sampling_10_50",2988642,0,0,0,0,0,"11.25",336263,"100",0,"0",0,14.8071591854095
"43","BenignTraffic1","packet_sampling_25_10",2988642,0,0,0,0,0,"24.76",739960,"100",0,"0",0,15.2623810768127
"44","BenignTraffic1","packet_sampling_25_25",2988642,0,0,0,0,0,"18.01",538354,"100",0,"0",0,14.8846614360809
"45","BenignTraffic1","packet_sampling_25_5",2988642,0,0,0,0,0,"28.64",855877,"100",0,"0",0,15.3779165744781
"46","BenignTraffic1","packet_sampling_25_50",2988642,0,0,0,0,0,"14.68",438674,"100",0,"0",0,14.9562232494354
"47","BenignTraffic1","packet_sampling_5_10",2988642,0,0,0,0,0,"16.21",484466,"100",0,"0",0,15.2928655147552
"48","BenignTraffic1","packet_sampling_5_25",2988642,0,0,0,0,0,"11.41",340982,"100",0,"0",0,14.8598945140839
"49","BenignTraffic1","packet_sampling_5_5",2988642,0,0,0,0,0,"20.39",609507,"100",0,"0",0,17.9618067741394
"50","BenignTraffic1","packet_sampling_5_50",2988642,0,0,0,0,0,"8.16",243876,"100",0,"0",0,14.8393614292145
"51","BenignTraffic1","packet_sampling_50_10",2988642,0,0,0,0,0,"26.33",786828,"100",0,"0",0,15.2971205711365
"52","BenignTraffic1","packet_sampling_50_25",2988642,0,0,0,0,0,"19.64",587029,"100",0,"0",0,15.1563398838043
"53","BenignTraffic1","packet_sampling_50_5",2988642,0,0,0,0,0,"30.16",901507,"100",0,"0",0,15.5147848129272
"54","BenignTraffic1","packet_sampling_50_50",2988642,0,0,0,0,0,"16.53",494035,"100",0,"0",0,14.98402094841
"55","BenignTraffic1","rule_based_eRBF",2988642,0,0,0,0,0,"7.64",228369,"100",0,"0",0,16.3347926139832
"56","BenignTraffic1","rule_based_fast_pattern",2988642,0,0,0,0,0,"39.35",1175972,"100",0,"0",0,17.8786656856537
"57","BenignTraffic1","rule_based_header_only",2988642,0,0,0,0,0,"88.78",2653340,"100",0,"0",0,70.2787802219391
"58","BenignTraffic2","packet_sampling_10_10",3138002,6,6,0,0,0,"20.66",648226,"100.00",6,"0.00",0,15.0820474624634
"59","BenignTraffic2","packet_sampling_10_25",3138002,6,6,0,0,0,"14.89",467157,"100.00",6,"0.00",0,14.9387834072113
"60","BenignTraffic2","packet_sampling_10_5",3138002,6,6,0,0,0,"24.87",780498,"100.00",6,"0.00",0,15.3476586341858
"61","BenignTraffic2","packet_sampling_10_50",3138002,6,6,0,0,0,"11.56",362652,"100.00",6,"0.00",0,14.8646528720856
"62","BenignTraffic2","packet_sampling_25_10",3138002,6,6,0,0,0,"25.44",798223,"100.00",6,"0.00",0,15.2566304206848
"63","BenignTraffic2","packet_sampling_25_25",3138002,6,6,0,0,0,"18.38",576767,"100.00",6,"0.00",0,14.9576215744019
"64","BenignTraffic2","packet_sampling_25_5",3138002,6,6,0,0,0,"29.52",926249,"100.00",6,"0.00",0,15.486100435257
"65","BenignTraffic2","packet_sampling_25_50",3138002,6,6,0,0,0,"14.99",470511,"100.00",6,"0.00",0,14.935905456543
"66","BenignTraffic2","packet_sampling_5_10",3138002,6,6,0,0,0,"16.67",523139,"100.00",6,"0.00",0,15.3588135242462
"67","BenignTraffic2","packet_sampling_5_25",3138002,6,6,0,0,0,"11.66",365791,"100.00",6,"0.00",0,15.0728635787964
"68","BenignTraffic2","packet_sampling_5_5",3138002,6,6,0,0,0,"21.11",662362,"100.00",6,"0.00",0,26.2242984771729
"69","BenignTraffic2","packet_sampling_5_50",3138002,6,6,0,0,0,"8.33",261427,"100.00",6,"0.00",0,14.7438955307007
"70","BenignTraffic2","packet_sampling_50_10",3138002,6,6,0,0,0,"26.92",844794,"100.00",6,"0.00",0,15.2235052585602
"71","BenignTraffic2","packet_sampling_50_25",3138002,6,6,0,0,0,"19.92",625177,"100.00",6,"0.00",0,14.9410257339478
"72","BenignTraffic2","packet_sampling_50_5",3138002,6,6,0,0,0,"30.94",971002,"100.00",6,"0.00",0,15.4841384887695
"73","BenignTraffic2","packet_sampling_50_50",3138002,6,6,0,0,0,"16.73",525098,"100.00",6,"0.00",0,15.0825550556183
"74","BenignTraffic2","rule_based_eRBF",3138002,6,6,0,0,0,"7.88",247383,"100.00",6,"0.00",0,15.7650361061096
"75","BenignTraffic2","rule_based_fast_pattern",3138002,6,0,0,0,0,"40.42",1268432,"0.00",0,"0",0,17.8729212284088
"76","BenignTraffic2","rule_based_header_only",3138002,6,6,0,0,0,"86.76",2722466,"100.00",6,"0.00",0,32.7037010192871
"77","BenignTraffic3","packet_sampling_10_10",1311897,0,0,0,0,0,"20.96",274959,"100",0,"0",0,14.5729801654816
"78","BenignTraffic3","packet_sampling_10_25",1311897,0,0,0,0,0,"15.04",197354,"100",0,"0",0,14.8969223499298
"79","BenignTraffic3","packet_sampling_10_5",1311897,0,0,0,0,0,"25.25",331251,"100",0,"0",0,14.6114332675934
"80","BenignTraffic3","packet_sampling_10_50",1311897,0,0,0,0,0,"11.79",154650,"100",0,"0",0,14.6061565876007
"81","BenignTraffic3","packet_sampling_25_10",1311897,0,0,0,0,0,"25.80",338520,"100",0,"0",0,14.7378695011139
"82","BenignTraffic3","packet_sampling_25_25",1311897,0,0,0,0,0,"18.47",242345,"100",0,"0",0,14.7226505279541
"83","BenignTraffic3","packet_sampling_25_5",1311897,0,0,0,0,0,"30.00",393621,"100",0,"0",0,15.0019962787628
"84","BenignTraffic3","packet_sampling_25_50",1311897,0,0,0,0,0,"15.20",199367,"100",0,"0",0,14.5728781223297
"85","BenignTraffic3","packet_sampling_5_10",1311897,0,0,0,0,0,"16.91",221873,"100",0,"0",0,15.0744252204895
"86","BenignTraffic3","packet_sampling_5_25",1311897,0,0,0,0,0,"11.79",154728,"100",0,"0",0,14.9400250911713
"87","BenignTraffic3","packet_sampling_5_5",1311897,0,0,0,0,0,"21.39",280642,"100",0,"0",0,35.6671671867371
"88","BenignTraffic3","packet_sampling_5_50",1311897,0,0,0,0,0,"8.48",111307,"100",0,"0",0,14.5420742034912
"89","BenignTraffic3","packet_sampling_50_10",1311897,0,0,0,0,0,"27.28",357897,"100",0,"0",0,14.8441870212555
"90","BenignTraffic3","packet_sampling_50_25",1311897,0,0,0,0,0,"20.03",262797,"100",0,"0",0,14.7673635482788
"91","BenignTraffic3","packet_sampling_50_5",1311897,0,0,0,0,0,"31.42",412212,"100",0,"0",0,14.6679112911224
"92","BenignTraffic3","packet_sampling_50_50",1311897,0,0,0,0,0,"16.94",222249,"100",0,"0",0,14.709333896637
"93","BenignTraffic3","rule_based_eRBF",1311897,0,0,0,0,0,"8.02",105172,"100",0,"0",0,25.7309415340424
"94","BenignTraffic3","rule_based_fast_pattern",1311897,0,0,0,0,0,"41.41",543262,"100",0,"0",0,18.0405645370483
"95","BenignTraffic3","rule_based_header_only",1311897,0,0,0,0,0,"88.42",1159914,"100",0,"0",0,49.8468039035797
"96","BrowserHijacking","packet_sampling_10_10",59821,3,3,0,0,0,"33.74",20183,"100.00",3,"0.00",0,15.4635488986969
"97","BrowserHijacking","packet_sampling_10_25",59821,3,3,0,0,0,"30.38",18171,"100.00",3,"0.00",0,16.6677837371826
"98","BrowserHijacking","packet_sampling_10_5",59821,3,3,0,0,0,"40.06",23964,"100.00",3,"0.00",0,15.6920216083527
"99","BrowserHijacking","packet_sampling_10_50",59821,3,3,0,0,0,"27.27",16314,"100.00",3,"0.00",0,15.7928969860077
"100","BrowserHijacking","packet_sampling_25_10",59821,3,3,0,0,0,"44.40",26560,"100.00",3,"0.00",0,16.3702969551086
"101","BrowserHijacking","packet_sampling_25_25",59821,3,3,0,0,0,"42.50",25426,"100.00",3,"0.00",0,20.8044483661652
"102","BrowserHijacking","packet_sampling_25_5",59821,3,3,0,0,0,"49.24",29455,"100.00",3,"0.00",0,15.5107176303864
"103","BrowserHijacking","packet_sampling_25_50",59821,3,3,0,0,0,"40.91",24473,"100.00",3,"0.00",0,15.4669375419617
"104","BrowserHijacking","packet_sampling_5_10",59821,3,3,0,0,0,"26.57",15895,"100.00",3,"0.00",0,26.697648525238
"105","BrowserHijacking","packet_sampling_5_25",59821,3,3,0,0,0,"22.81",13644,"100.00",3,"0.00",0,19.8686437606812
"106","BrowserHijacking","packet_sampling_5_5",59821,3,3,0,0,0,"33.54",20061,"100.00",3,"0.00",0,62.178813457489
"107","BrowserHijacking","packet_sampling_5_50",59821,3,3,0,0,0,"18.24",10910,"100.00",3,"0.00",0,28.8962368965149
"108","BrowserHijacking","packet_sampling_50_10",59821,3,3,0,0,0,"53.58",32052,"100.00",3,"0.00",0,16.1467387676239
"109","BrowserHijacking","packet_sampling_50_25",59821,3,3,0,0,0,"53.05",31734,"100.00",3,"0.00",0,15.3046970367432
"110","BrowserHijacking","packet_sampling_50_5",59821,3,3,0,0,0,"56.07",33542,"100.00",3,"0.00",0,15.5247910022736
"111","BrowserHijacking","packet_sampling_50_50",59821,3,3,0,0,0,"52.03",31122,"100.00",3,"0.00",0,15.3452978134155
"112","BrowserHijacking","rule_based_eRBF",59821,3,3,0,0,0,"10.16",6078,"100.00",3,"0.00",0,52.7130210399628
"113","BrowserHijacking","rule_based_fast_pattern",59821,3,2,0,0,0,"30.66",18341,"66.67",2,"0.00",0,27.5549492835999
"114","BrowserHijacking","rule_based_header_only",59821,3,1,0,0,0,"67.61",40446,"33.33",1,"0.00",0,28.2858026027679
"115","CommandInjection","packet_sampling_10_10",55741,4,4,0,0,0,"44.51",24809,"75.00",3,"25.00",1,16.4135212898254
"116","CommandInjection","packet_sampling_10_25",55741,4,4,0,0,0,"40.79",22738,"100.00",4,"0.00",0,16.1298072338104
"117","CommandInjection","packet_sampling_10_5",55741,4,4,0,0,0,"51.44",28671,"75.00",3,"25.00",1,16.0735278129578
"118","CommandInjection","packet_sampling_10_50",55741,4,4,0,0,0,"39.49",22011,"75.00",3,"25.00",1,15.6822056770325
"119","CommandInjection","packet_sampling_25_10",55741,4,4,0,0,0,"57.47",32033,"75.00",3,"25.00",1,16.3045253753662
"120","CommandInjection","packet_sampling_25_25",55741,4,4,0,0,0,"56.95",31747,"100.00",4,"0.00",0,15.9643614292145
"121","CommandInjection","packet_sampling_25_5",55741,4,4,0,0,0,"59.08",32930,"75.00",3,"25.00",1,16.5723428726196
"122","CommandInjection","packet_sampling_25_50",55741,4,4,0,0,0,"56.53",31510,"75.00",3,"25.00",1,17.0588896274567
"123","CommandInjection","packet_sampling_5_10",55741,4,4,0,0,0,"35.30",19676,"100.00",4,"0.00",0,30.6238813400269
"124","CommandInjection","packet_sampling_5_25",55741,4,4,0,0,0,"29.86",16644,"75.00",3,"25.00",1,28.9942390918732
"125","CommandInjection","packet_sampling_5_5",55741,4,4,0,0,0,"44.89",25021,"100.00",4,"0.00",0,50.5552778244019
"126","CommandInjection","packet_sampling_5_50",55741,4,4,0,0,0,"27.67",15421,"100.00",4,"0.00",0,16.5970406532288
"127","CommandInjection","packet_sampling_50_10",55741,4,4,0,0,0,"64.51",35957,"100.00",4,"0.00",0,16.4813613891602
"128","CommandInjection","packet_sampling_50_25",55741,4,4,0,0,0,"64.46",35929,"75.00",3,"25.00",1,16.1035315990448
"129","CommandInjection","packet_sampling_50_5",55741,4,4,0,0,0,"64.92",36185,"75.00",3,"25.00",1,16.3630840778351
"130","CommandInjection","packet_sampling_50_50",55741,4,4,0,0,0,"64.35",35869,"100.00",4,"0.00",0,14.6905002593994
"131","CommandInjection","rule_based_eRBF",55741,4,4,0,0,0,"11.38",6346,"75.00",3,"25.00",1,69.4860866069794
"132","CommandInjection","rule_based_fast_pattern",55741,4,0,0,0,0,"23.85",13296,"0.00",0,"0",0,26.8928804397583
"133","CommandInjection","rule_based_header_only",55741,4,4,0,0,0,"75.94",42328,"75.00",3,"25.00",1,28.6753058433533
"134","DDoS-SlowLoris","packet_sampling_10_10",2351454,16,16,0,0,0,"69.36",1630856,"100.00",16,"0.00",0,16.6085155010223
"135","DDoS-SlowLoris","packet_sampling_10_25",2351454,16,16,0,0,0,"58.43",1373980,"100.00",16,"0.00",0,16.3431046009064
"136","DDoS-SlowLoris","packet_sampling_10_5",2351454,16,16,0,0,0,"71.42",1679429,"100.00",16,"0.00",0,16.4576754570007
"137","DDoS-SlowLoris","packet_sampling_10_50",2351454,16,16,0,0,0,"55.56",1306391,"100.00",16,"0.00",0,16.040985584259
"138","DDoS-SlowLoris","packet_sampling_25_10",2351454,16,16,0,0,0,"72.32",1700677,"100.00",16,"0.00",0,16.5353209972382
"139","DDoS-SlowLoris","packet_sampling_25_25",2351454,16,16,0,0,0,"66.62",1566474,"100.00",16,"0.00",0,16.2673285007477
"140","DDoS-SlowLoris","packet_sampling_25_5",2351454,16,16,0,0,0,"74.02",1740508,"100.00",16,"0.00",0,16.6084892749786
"141","DDoS-SlowLoris","packet_sampling_25_50",2351454,16,16,0,0,0,"65.60",1542628,"100.00",16,"0.00",0,16.2621295452118
"142","DDoS-SlowLoris","packet_sampling_5_10",2351454,16,16,0,0,0,"57.70",1356735,"100.00",16,"0.00",0,16.5630798339844
"143","DDoS-SlowLoris","packet_sampling_5_25",2351454,16,16,0,0,0,"38.77",911545,"100.00",16,"0.00",0,15.9888441562653
"144","DDoS-SlowLoris","packet_sampling_5_5",2351454,16,16,0,0,0,"60.59",1424797,"100.00",16,"0.00",0,29.3090670108795
"145","DDoS-SlowLoris","packet_sampling_5_50",2351454,16,16,0,0,0,"35.20",827661,"100.00",16,"0.00",0,15.6616735458374
"146","DDoS-SlowLoris","packet_sampling_50_10",2351454,16,16,0,0,0,"74.09",1742262,"100.00",16,"0.00",0,16.7025992870331
"147","DDoS-SlowLoris","packet_sampling_50_25",2351454,16,16,0,0,0,"72.01",1693240,"100.00",16,"0.00",0,16.456102848053
"148","DDoS-SlowLoris","packet_sampling_50_5",2351454,16,16,0,0,0,"75.45",1774111,"100.00",16,"0.00",0,16.5011284351349
"149","DDoS-SlowLoris","packet_sampling_50_50",2351454,16,16,0,0,0,"71.59",1683477,"100.00",16,"0.00",0,16.5231122970581
"150","DDoS-SlowLoris","rule_based_eRBF",2351454,16,17,0,0,0,"21.17",497780,"100.00",16,"5.88",1,26.949366569519
"151","DDoS-SlowLoris","rule_based_fast_pattern",2351454,16,12,0,0,0,"19.86",467013,"75.00",12,"0.00",0,16.2154531478882
"152","DDoS-SlowLoris","rule_based_header_only",2351454,16,12,0,0,0,"35.51",834940,"75.00",12,"0.00",0,42.6056005954742
"153","DictionaryBruteForce","packet_sampling_10_10",133138,12,12,0,0,0,"46.08",61352,"100.00",12,"0.00",0,15.3162026405334
"154","DictionaryBruteForce","packet_sampling_10_25",133138,12,12,0,0,0,"39.88",53099,"100.00",12,"0.00",0,15.4502491950989
"155","DictionaryBruteForce","packet_sampling_10_5",133138,12,12,0,0,0,"53.05",70633,"100.00",12,"0.00",0,15.4043908119202
"156","DictionaryBruteForce","packet_sampling_10_50",133138,12,12,0,0,0,"34.03",45309,"100.00",12,"0.00",0,15.3998522758484
"157","DictionaryBruteForce","packet_sampling_25_10",133138,12,12,0,0,0,"64.81",86282,"100.00",12,"0.00",0,15.4454209804535
"158","DictionaryBruteForce","packet_sampling_25_25",133138,12,12,0,0,0,"56.41",75103,"100.00",12,"0.00",0,15.1589941978455
"159","DictionaryBruteForce","packet_sampling_25_5",133138,12,12,0,0,0,"70.95",94463,"100.00",12,"0.00",0,15.2374079227448
"160","DictionaryBruteForce","packet_sampling_25_50",133138,12,12,0,0,0,"51.11",68050,"100.00",12,"0.00",0,15.0746757984161
"161","DictionaryBruteForce","packet_sampling_5_10",133138,12,12,0,0,0,"34.78",46308,"100.00",12,"0.00",0,30.1229228973389
"162","DictionaryBruteForce","packet_sampling_5_25",133138,12,12,0,0,0,"29.45",39206,"100.00",12,"0.00",0,16.006679058075
"163","DictionaryBruteForce","packet_sampling_5_5",133138,12,12,0,0,0,"42.51",56592,"100.00",12,"0.00",0,53.771612405777
"164","DictionaryBruteForce","packet_sampling_5_50",133138,12,12,0,0,0,"23.68",31521,"100.00",12,"0.00",0,16.1397769451141
"165","DictionaryBruteForce","packet_sampling_50_10",133138,12,12,0,0,0,"71.28",94901,"100.00",12,"0.00",0,15.2327890396118
"166","DictionaryBruteForce","packet_sampling_50_25",133138,12,12,0,0,0,"63.52",84570,"100.00",12,"0.00",0,14.8899924755096
"167","DictionaryBruteForce","packet_sampling_50_5",133138,12,12,0,0,0,"77.03",102556,"100.00",12,"0.00",0,15.1312549114227
"168","DictionaryBruteForce","packet_sampling_50_50",133138,12,12,0,0,0,"59.54",79272,"100.00",12,"0.00",0,14.6390104293823
"169","DictionaryBruteForce","rule_based_eRBF",133138,12,12,0,0,0,"13.44",17889,"100.00",12,"0.00",0,53.842878818512
"170","DictionaryBruteForce","rule_based_fast_pattern",133138,12,12,0,0,0,"23.05",30683,"100.00",12,"0.00",0,27.3187897205353
"171","DictionaryBruteForce","rule_based_header_only",133138,12,8,0,0,0,"59.84",79664,"66.67",8,"0.00",0,29.6035788059235
"172","DNS_Spoofing","packet_sampling_10_10",1812557,156,154,0,0,0,"27.71",502184,"98.72",154,"0.00",0,14.9619247913361
"173","DNS_Spoofing","packet_sampling_10_25",1812557,156,155,0,0,0,"23.92",433545,"99.36",155,"0.00",0,14.9258639812469
"174","DNS_Spoofing","packet_sampling_10_5",1812557,156,155,0,0,0,"31.99",579847,"99.36",155,"0.00",0,15.1202976703644
"175","DNS_Spoofing","packet_sampling_10_50",1812557,156,155,0,0,0,"21.57",390913,"99.36",155,"0.00",0,14.9230034351349
"176","DNS_Spoofing","packet_sampling_25_10",1812557,156,154,0,0,0,"36.64",664207,"98.72",154,"0.00",0,15.1646893024445
"177","DNS_Spoofing","packet_sampling_25_25",1812557,156,155,0,0,0,"32.29",585359,"99.36",155,"0.00",0,15.2685520648956
"178","DNS_Spoofing","packet_sampling_25_5",1812557,156,155,0,0,0,"39.63",718345,"99.36",155,"0.00",0,15.1107842922211
"179","DNS_Spoofing","packet_sampling_25_50",1812557,156,155,0,0,0,"31.41",569262,"99.36",155,"0.00",0,15.0623660087585
"180","DNS_Spoofing","packet_sampling_5_10",1812557,156,155,0,0,0,"21.28",385774,"99.36",155,"0.00",0,15.1290047168732
"181","DNS_Spoofing","packet_sampling_5_25",1812557,156,155,0,0,0,"17.73",321377,"99.36",155,"0.00",0,14.8526518344879
"182","DNS_Spoofing","packet_sampling_5_5",1812557,156,155,0,0,0,"26.90",487660,"99.36",155,"0.00",0,28.1418282985687
"183","DNS_Spoofing","packet_sampling_5_50",1812557,156,154,0,0,0,"14.49",262633,"98.72",154,"0.00",0,14.741738319397
"184","DNS_Spoofing","packet_sampling_50_10",1812557,156,155,0,0,0,"42.47",769839,"99.36",155,"0.00",0,15.3762090206146
"185","DNS_Spoofing","packet_sampling_50_25",1812557,156,155,0,0,0,"39.08",708413,"99.36",155,"0.00",0,15.2267205715179
"186","DNS_Spoofing","packet_sampling_50_5",1812557,156,155,0,0,0,"43.98",797145,"99.36",155,"0.00",0,15.4575037956238
"187","DNS_Spoofing","packet_sampling_50_50",1812557,156,155,0,0,0,"38.71",701711,"99.36",155,"0.00",0,15.3322167396545
"188","DNS_Spoofing","rule_based_eRBF",1812557,156,155,0,0,0,"7.10",128728,"99.36",155,"0.00",0,29.4326639175415
"189","DNS_Spoofing","rule_based_fast_pattern",1812557,156,92,0,0,0,"23.99",434777,"58.97",92,"0.00",0,16.0394308567047
"190","DNS_Spoofing","rule_based_header_only",1812557,156,112,0,0,0,"85.19",1544143,"71.79",112,"0.00",0,63.5427253246307
"191","DoS-HTTP_Flood","packet_sampling_10_10",7177958,16,15,0,0,0,"69.96",5021761,"93.75",15,"0.00",0,23.4423182010651
"192","DoS-HTTP_Flood","packet_sampling_10_25",7177958,16,15,0,0,0,"51.16",3672409,"93.75",15,"0.00",0,21.3413259983063
"193","DoS-HTTP_Flood","packet_sampling_10_5",7177958,16,15,0,0,0,"78.93",5665829,"93.75",15,"0.00",0,24.6886076927185
"194","DoS-HTTP_Flood","packet_sampling_10_50",7177958,16,15,0,0,0,"48.60",3488697,"93.75",15,"0.00",0,20.6890153884888
"195","DoS-HTTP_Flood","packet_sampling_25_10",7177958,16,15,0,0,0,"92.57",6644765,"93.75",15,"0.00",0,27.435955286026
"196","DoS-HTTP_Flood","packet_sampling_25_25",7177958,16,15,0,0,0,"85.14",6111149,"93.75",15,"0.00",0,27.0055706501007
"197","DoS-HTTP_Flood","packet_sampling_25_5",7177958,16,15,0,0,0,"95.19",6832553,"93.75",15,"0.00",0,27.3201875686646
"198","DoS-HTTP_Flood","packet_sampling_25_50",7177958,16,15,0,0,0,"83.72",6009495,"93.75",15,"0.00",0,26.104118347168
"199","DoS-HTTP_Flood","packet_sampling_5_10",7177958,16,14,0,0,0,"43.97",3155962,"87.50",14,"0.00",0,18.9838161468506
"200","DoS-HTTP_Flood","packet_sampling_5_25",7177958,16,14,0,0,0,"28.91",2075372,"87.50",14,"0.00",0,18.0705671310425
"201","DoS-HTTP_Flood","packet_sampling_5_5",7177958,16,14,0,0,0,"61.84",4438868,"87.50",14,"0.00",0,22.2345364093781
"202","DoS-HTTP_Flood","packet_sampling_5_50",7177958,16,14,0,0,0,"26.69",1916039,"87.50",14,"0.00",0,17.5586342811584
"203","DoS-HTTP_Flood","packet_sampling_50_10",7177958,16,16,0,0,0,"97.29",6983104,"100.00",16,"0.00",0,27.6288945674896
"204","DoS-HTTP_Flood","packet_sampling_50_25",7177958,16,16,0,0,0,"96.71",6942055,"100.00",16,"0.00",0,25.4982841014862
"205","DoS-HTTP_Flood","packet_sampling_50_5",7177958,16,16,0,0,0,"97.75",7016624,"100.00",16,"0.00",0,27.472757101059
"206","DoS-HTTP_Flood","packet_sampling_50_50",7177958,16,16,0,0,0,"96.45",6922820,"100.00",16,"0.00",0,26.1589834690094
"207","DoS-HTTP_Flood","rule_based_eRBF",7177958,16,15,0,0,0,"58.06",4167763,"93.75",15,"0.00",0,25.1369485855103
"208","DoS-HTTP_Flood","rule_based_fast_pattern",7177958,16,10,0,0,0,"7.58",543966,"62.50",10,"0.00",0,15.6320593357086
"209","DoS-HTTP_Flood","rule_based_header_only",7177958,16,12,0,0,0,"13.37",959669,"75.00",12,"0.00",0,18.6521067619324
"210","MITM-ArpSpoofing","packet_sampling_10_10",3091765,86,86,0,0,0,"15.21",470118,"100.00",86,"0.00",0,15.0117475986481
"211","MITM-ArpSpoofing","packet_sampling_10_25",3091765,86,86,0,0,0,"13.34",412557,"100.00",86,"0.00",0,14.8402898311615
"212","MITM-ArpSpoofing","packet_sampling_10_5",3091765,86,86,0,0,0,"17.56",543016,"100.00",86,"0.00",0,14.977846622467
"213","MITM-ArpSpoofing","packet_sampling_10_50",3091765,86,86,0,0,0,"12.15",375512,"100.00",86,"0.00",0,14.8570802211761
"214","MITM-ArpSpoofing","packet_sampling_25_10",3091765,86,86,0,0,0,"20.02",618888,"100.00",86,"0.00",0,15.1187064647675
"215","MITM-ArpSpoofing","packet_sampling_25_25",3091765,86,86,0,0,0,"18.28",565167,"100.00",86,"0.00",0,15.0334351062775
"216","MITM-ArpSpoofing","packet_sampling_25_5",3091765,86,86,0,0,0,"21.97",679314,"100.00",86,"0.00",0,15.2496113777161
"217","MITM-ArpSpoofing","packet_sampling_25_50",3091765,86,86,0,0,0,"17.77",549262,"100.00",86,"0.00",0,14.968986749649
"218","MITM-ArpSpoofing","packet_sampling_5_10",3091765,86,85,0,0,0,"11.73",362525,"98.84",85,"0.00",0,14.923761844635
"219","MITM-ArpSpoofing","packet_sampling_5_25",3091765,86,85,0,0,0,"9.96",307959,"98.84",85,"0.00",0,14.8127424716949
"220","MITM-ArpSpoofing","packet_sampling_5_5",3091765,86,86,0,0,0,"14.27",441332,"100.00",86,"0.00",0,17.8988065719604
"221","MITM-ArpSpoofing","packet_sampling_5_50",3091765,86,86,0,0,0,"8.33",257535,"100.00",86,"0.00",0,14.9106023311615
"222","MITM-ArpSpoofing","packet_sampling_50_10",3091765,86,86,0,0,0,"23.55",728175,"100.00",86,"0.00",0,15.1256380081177
"223","MITM-ArpSpoofing","packet_sampling_50_25",3091765,86,86,0,0,0,"22.36",691437,"100.00",86,"0.00",0,15.1819558143616
"224","MITM-ArpSpoofing","packet_sampling_50_5",3091765,86,86,0,0,0,"24.95",771330,"100.00",86,"0.00",0,15.3241229057312
"225","MITM-ArpSpoofing","packet_sampling_50_50",3091765,86,86,0,0,0,"22.13",684185,"100.00",86,"0.00",0,15.1518983840942
"226","MITM-ArpSpoofing","rule_based_eRBF",3091765,86,85,0,0,0,"7.53",232927,"98.84",85,"0.00",0,25.2749738693237
"227","MITM-ArpSpoofing","rule_based_fast_pattern",3091765,86,49,0,0,0,"40.49",1251736,"56.98",49,"0.00",0,18.8989787101746
"228","MITM-ArpSpoofing","rule_based_header_only",3091765,86,64,0,0,0,"92.12",2848187,"74.42",64,"0.00",0,63.9792358875275
"229","Recon-HostDiscovery","packet_sampling_10_10",1371112,18,18,0,0,0,"72.56",994826,"83.33",15,"16.67",3,15.8709313869476
"230","Recon-HostDiscovery","packet_sampling_10_25",1371112,18,18,0,0,0,"68.22",935440,"88.89",16,"11.11",2,15.8374710083008
"231","Recon-HostDiscovery","packet_sampling_10_5",1371112,18,18,0,0,0,"78.92",1082060,"88.89",16,"11.11",2,16.0814363956451
"232","Recon-HostDiscovery","packet_sampling_10_50",1371112,18,18,0,0,0,"62.47",856466,"88.89",16,"11.11",2,15.8691945075989
"233","Recon-HostDiscovery","packet_sampling_25_10",1371112,18,18,0,0,0,"76.25",1045423,"77.78",14,"22.22",4,16.0771579742432
"234","Recon-HostDiscovery","packet_sampling_25_25",1371112,18,18,0,0,0,"72.05",987939,"77.78",14,"22.22",4,16.0205206871033
"235","Recon-HostDiscovery","packet_sampling_25_5",1371112,18,18,0,0,0,"82.87",1136172,"83.33",15,"16.67",3,16.5960409641266
"236","Recon-HostDiscovery","packet_sampling_25_50",1371112,18,18,0,0,0,"66.11",906483,"88.89",16,"11.11",2,15.6059494018555
"237","Recon-HostDiscovery","packet_sampling_5_10",1371112,18,18,0,0,0,"68.95",945339,"77.78",14,"22.22",4,16.3063297271729
"238","Recon-HostDiscovery","packet_sampling_5_25",1371112,18,18,0,0,0,"64.69",887011,"88.89",16,"11.11",2,16.0136435031891
"239","Recon-HostDiscovery","packet_sampling_5_5",1371112,18,18,0,0,0,"75.32",1032688,"88.89",16,"11.11",2,38.8294675350189
"240","Recon-HostDiscovery","packet_sampling_5_50",1371112,18,18,0,0,0,"59.10",810279,"83.33",15,"16.67",3,15.6407358646393
"241","Recon-HostDiscovery","packet_sampling_50_10",1371112,18,18,0,0,0,"78.13",1071217,"83.33",15,"16.67",3,16.0724122524261
"242","Recon-HostDiscovery","packet_sampling_50_25",1371112,18,18,0,0,0,"74.12",1016221,"83.33",15,"16.67",3,15.9745333194733
"243","Recon-HostDiscovery","packet_sampling_50_5",1371112,18,18,0,0,0,"85.00",1165500,"88.89",16,"11.11",2,16.2397654056549
"244","Recon-HostDiscovery","packet_sampling_50_50",1371112,18,18,0,0,0,"68.29",936295,"83.33",15,"16.67",3,15.8814527988434
"245","Recon-HostDiscovery","rule_based_eRBF",1371112,18,18,0,0,0,"54.19",743037,"88.89",16,"11.11",2,48.1826558113098
"246","Recon-HostDiscovery","rule_based_fast_pattern",1371112,18,8,0,0,0,"15.63",214280,"44.44",8,"0.00",0,16.5067946910858
"247","Recon-HostDiscovery","rule_based_header_only",1371112,18,4,0,0,0,"41.93",574901,"22.22",4,"0.00",0,53.6657552719116
"248","Recon-OSScan","packet_sampling_10_10",992241,3,3,0,0,0,"61.69",612074,"100.00",3,"0.00",0,15.3132653236389
"249","Recon-OSScan","packet_sampling_10_25",992241,3,3,0,0,0,"58.29",578335,"100.00",3,"0.00",0,15.3633532524109
"250","Recon-OSScan","packet_sampling_10_5",992241,3,3,0,0,0,"64.25",637503,"100.00",3,"0.00",0,15.2277760505676
"251","Recon-OSScan","packet_sampling_10_50",992241,3,3,0,0,0,"57.35",569071,"100.00",3,"0.00",0,15.2721989154816
"252","Recon-OSScan","packet_sampling_25_10",992241,3,3,0,0,0,"68.90",683647,"100.00",3,"0.00",0,15.5788674354553
"253","Recon-OSScan","packet_sampling_25_25",992241,3,3,0,0,0,"66.05",655341,"100.00",3,"0.00",0,15.3960962295532
"254","Recon-OSScan","packet_sampling_25_5",992241,3,3,0,0,0,"69.46",689178,"100.00",3,"0.00",0,15.3163316249847
"255","Recon-OSScan","packet_sampling_25_50",992241,3,3,0,0,0,"65.39",648811,"100.00",3,"0.00",0,15.4145789146423
"256","Recon-OSScan","packet_sampling_5_10",992241,3,3,0,0,0,"52.54",521281,"100.00",3,"0.00",0,16.9236207008362
"257","Recon-OSScan","packet_sampling_5_25",992241,3,2,0,0,0,"48.94",485606,"66.67",2,"0.00",0,15.2161953449249
"258","Recon-OSScan","packet_sampling_5_5",992241,3,3,0,0,0,"56.07",556309,"100.00",3,"0.00",0,40.358318567276
"259","Recon-OSScan","packet_sampling_5_50",992241,3,2,0,0,0,"47.32",469525,"66.67",2,"0.00",0,15.0446515083313
"260","Recon-OSScan","packet_sampling_50_10",992241,3,3,0,0,0,"71.62",710623,"100.00",3,"0.00",0,15.4541256427765
"261","Recon-OSScan","packet_sampling_50_25",992241,3,3,0,0,0,"69.43",688884,"100.00",3,"0.00",0,15.5160806179047
"262","Recon-OSScan","packet_sampling_50_5",992241,3,3,0,0,0,"71.81",712545,"100.00",3,"0.00",0,15.4306697845459
"263","Recon-OSScan","packet_sampling_50_50",992241,3,3,0,0,0,"68.98",684470,"100.00",3,"0.00",0,15.537015914917
"264","Recon-OSScan","rule_based_eRBF",992241,3,3,0,0,0,"37.52",372323,"100.00",3,"0.00",0,37.3432385921478
"265","Recon-OSScan","rule_based_fast_pattern",992241,3,0,0,0,0,"25.30",251010,"0.00",0,"0",0,27.6044120788574
"266","Recon-OSScan","rule_based_header_only",992241,3,3,0,0,0,"59.68",592139,"100.00",3,"0.00",0,63.5335144996643
"267","Recon-PingSweep","packet_sampling_10_10",22943,0,0,0,0,0,"49.15",11277,"100",0,"0",0,17.2885179519653
"268","Recon-PingSweep","packet_sampling_10_25",22943,0,0,0,0,0,"45.06",10337,"100",0,"0",0,27.8650026321411
"269","Recon-PingSweep","packet_sampling_10_5",22943,0,0,0,0,0,"52.95",12149,"100",0,"0",0,24.4999203681946
"270","Recon-PingSweep","packet_sampling_10_50",22943,0,0,0,0,0,"44.14",10126,"100",0,"0",0,16.2488615512848
"271","Recon-PingSweep","packet_sampling_25_10",22943,0,0,0,0,0,"61.06",14008,"100",0,"0",0,16.8076956272125
"272","Recon-PingSweep","packet_sampling_25_25",22943,0,0,0,0,0,"57.91",13286,"100",0,"0",0,28.7294528484344
"273","Recon-PingSweep","packet_sampling_25_5",22943,0,0,0,0,0,"61.33",14072,"100",0,"0",0,29.0546205043793
"274","Recon-PingSweep","packet_sampling_25_50",22943,0,0,0,0,0,"57.48",13187,"100",0,"0",0,16.8871259689331
"275","Recon-PingSweep","packet_sampling_5_10",22943,0,0,0,0,0,"38.39",8807,"100",0,"0",0,20.9524159431458
"276","Recon-PingSweep","packet_sampling_5_25",22943,0,0,0,0,0,"33.64",7718,"100",0,"0",0,26.1991066932678
"277","Recon-PingSweep","packet_sampling_5_5",22943,0,0,0,0,0,"43.76",10039,"100",0,"0",0,15.4630837440491
"278","Recon-PingSweep","packet_sampling_5_50",22943,0,0,0,0,0,"31.96",7333,"100",0,"0",0,20.7454941272736
"279","Recon-PingSweep","packet_sampling_50_10",22943,0,0,0,0,0,"67.04",15380,"100",0,"0",0,17.1544046401978
"280","Recon-PingSweep","packet_sampling_50_25",22943,0,0,0,0,0,"64.44",14784,"100",0,"0",0,29.0909368991852
"281","Recon-PingSweep","packet_sampling_50_5",22943,0,0,0,0,0,"67.05",15383,"100",0,"0",0,16.5237333774567
"282","Recon-PingSweep","packet_sampling_50_50",22943,0,0,0,0,0,"64.20",14729,"100",0,"0",0,16.1677088737488
"283","Recon-PingSweep","rule_based_eRBF",22943,0,0,0,0,0,"18.72",4294,"100",0,"0",0,72.9693660736084
"284","Recon-PingSweep","rule_based_fast_pattern",22943,0,0,0,0,0,"29.21",6701,"100",0,"0",0,28.1717967987061
"285","Recon-PingSweep","rule_based_header_only",22943,0,0,0,0,0,"69.91",16039,"100",0,"0",0,30.04705119133
"286","Recon-PortScan","packet_sampling_10_10",831856,1,1,0,0,0,"74.08",616222,"100.00",1,"0.00",0,15.461715221405
"287","Recon-PortScan","packet_sampling_10_25",831856,1,0,0,0,0,"70.81",589047,"0.00",0,"0",0,15.4979202747345
"288","Recon-PortScan","packet_sampling_10_5",831856,1,1,0,0,0,"76.50",636348,"100.00",1,"0.00",0,15.546879529953
"289","Recon-PortScan","packet_sampling_10_50",831856,1,1,0,0,0,"69.95",581902,"100.00",1,"0.00",0,15.4184896945953
"290","Recon-PortScan","packet_sampling_25_10",831856,1,1,0,0,0,"81.88",681155,"100.00",1,"0.00",0,15.5932409763336
"291","Recon-PortScan","packet_sampling_25_25",831856,1,1,0,0,0,"79.24",659176,"100.00",1,"0.00",0,15.721940279007
"292","Recon-PortScan","packet_sampling_25_5",831856,1,1,0,0,0,"82.10",682956,"100.00",1,"0.00",0,15.4847595691681
"293","Recon-PortScan","packet_sampling_25_50",831856,1,1,0,0,0,"78.62",653989,"100.00",1,"0.00",0,15.43834233284
"294","Recon-PortScan","packet_sampling_5_10",831856,1,0,0,0,0,"64.54",536890,"0.00",0,"0",0,18.4979751110077
"295","Recon-PortScan","packet_sampling_5_25",831856,1,0,0,0,0,"60.97",507174,"0.00",0,"0",0,16.0471239089966
"296","Recon-PortScan","packet_sampling_5_5",831856,1,1,0,0,0,"68.06",566166,"100.00",1,"0.00",0,38.0484836101532
"297","Recon-PortScan","packet_sampling_5_50",831856,1,0,0,0,0,"59.44",494452,"0.00",0,"0",0,15.5379984378815
"298","Recon-PortScan","packet_sampling_50_10",831856,1,1,0,0,0,"84.65",704194,"100.00",1,"0.00",0,15.5618834495544
"299","Recon-PortScan","packet_sampling_50_25",831856,1,1,0,0,0,"82.54",686611,"100.00",1,"0.00",0,15.4427671432495
"300","Recon-PortScan","packet_sampling_50_5",831856,1,1,0,0,0,"84.72",704771,"100.00",1,"0.00",0,15.6735045909882
"301","Recon-PortScan","packet_sampling_50_50",831856,1,1,0,0,0,"82.09",682857,"100.00",1,"0.00",0,15.5736374855042
"302","Recon-PortScan","rule_based_eRBF",831856,1,1,0,0,0,"47.90",398427,"100.00",1,"0.00",0,46.5137114524841
"303","Recon-PortScan","rule_based_fast_pattern",831856,1,0,0,0,0,"19.31",160595,"0.00",0,"0",0,17.1885166168213
"304","Recon-PortScan","rule_based_header_only",831856,1,1,0,0,0,"48.54",403824,"100.00",1,"0.00",0,62.9555733203888
"305","SqlInjection","packet_sampling_10_10",53462,0,0,0,0,0,"71.19",38057,"100",0,"0",0,17.1619703769684
"306","SqlInjection","packet_sampling_10_25",53462,0,0,0,0,0,"62.43",33375,"100",0,"0",0,28.8362724781036
"307","SqlInjection","packet_sampling_10_5",53462,0,0,0,0,0,"79.17",42326,"100",0,"0",0,16.4692027568817
"308","SqlInjection","packet_sampling_10_50",53462,0,0,0,0,0,"59.20",31647,"100",0,"0",0,15.425199508667
"309","SqlInjection","packet_sampling_25_10",53462,0,0,0,0,0,"81.28",43453,"100",0,"0",0,15.7451355457306
"310","SqlInjection","packet_sampling_25_25",53462,0,0,0,0,0,"72.30",38653,"100",0,"0",0,15.9482419490814
"311","SqlInjection","packet_sampling_25_5",53462,0,0,0,0,0,"86.71",46358,"100",0,"0",0,16.1244313716888
"312","SqlInjection","packet_sampling_25_50",53462,0,0,0,0,0,"71.20",38067,"100",0,"0",0,15.9667630195618
"313","SqlInjection","packet_sampling_5_10",53462,0,0,0,0,0,"58.55",31302,"100",0,"0",0,30.5563299655914
"314","SqlInjection","packet_sampling_5_25",53462,0,0,0,0,0,"50.35",26917,"100",0,"0",0,28.7893688678741
"315","SqlInjection","packet_sampling_5_5",53462,0,0,0,0,0,"68.01",36358,"100",0,"0",0,52.4721126556396
"316","SqlInjection","packet_sampling_5_50",53462,0,0,0,0,0,"45.41",24276,"100",0,"0",0,20.4856655597687
"317","SqlInjection","packet_sampling_50_10",53462,0,0,0,0,0,"86.47",46230,"100",0,"0",0,16.2490222454071
"318","SqlInjection","packet_sampling_50_25",53462,0,0,0,0,0,"80.70",43143,"100",0,"0",0,16.1125659942627
"319","SqlInjection","packet_sampling_50_5",53462,0,0,0,0,0,"88.25",47180,"100",0,"0",0,16.5039944648743
"320","SqlInjection","packet_sampling_50_50",53462,0,0,0,0,0,"80.41",42987,"100",0,"0",0,14.976814031601
"321","SqlInjection","rule_based_eRBF",53462,0,0,0,0,0,"27.16",14519,"100",0,"0",0,70.2128601074219
"322","SqlInjection","rule_based_fast_pattern",53462,0,0,0,0,0,"22.86",12219,"100",0,"0",0,27.2588651180267
"323","SqlInjection","rule_based_header_only",53462,0,0,0,0,0,"67.95",36327,"100",0,"0",0,25.226212978363
"324","Uploading_Attack","packet_sampling_10_10",12939,0,0,0,0,0,"58.60",7582,"100",0,"0",0,17.2906160354614
"325","Uploading_Attack","packet_sampling_10_25",12939,0,0,0,0,0,"54.46",7047,"100",0,"0",0,19.5057401657104
"326","Uploading_Attack","packet_sampling_10_5",12939,0,0,0,0,0,"67.52",8736,"100",0,"0",0,29.1249403953552
"327","Uploading_Attack","packet_sampling_10_50",12939,0,0,0,0,0,"53.05",6864,"100",0,"0",0,17.2285220623016
"328","Uploading_Attack","packet_sampling_25_10",12939,0,0,0,0,0,"74.84",9684,"100",0,"0",0,17.2323985099792
"329","Uploading_Attack","packet_sampling_25_25",12939,0,0,0,0,0,"74.60",9652,"100",0,"0",0,17.5256667137146
"330","Uploading_Attack","packet_sampling_25_5",12939,0,0,0,0,0,"76.43",9889,"100",0,"0",0,28.7571814060211
"331","Uploading_Attack","packet_sampling_25_50",12939,0,0,0,0,0,"74.16",9595,"100",0,"0",0,22.5772733688354
"332","Uploading_Attack","packet_sampling_5_10",12939,0,0,0,0,0,"47.37",6129,"100",0,"0",0,17.1631627082825
"333","Uploading_Attack","packet_sampling_5_25",12939,0,0,0,0,0,"40.92",5294,"100",0,"0",0,19.4746840000153
"334","Uploading_Attack","packet_sampling_5_5",12939,0,0,0,0,0,"59.85",7744,"100",0,"0",0,15.5315887928009
"335","Uploading_Attack","packet_sampling_5_50",12939,0,0,0,0,0,"38.26",4950,"100",0,"0",0,29.447890996933
"336","Uploading_Attack","packet_sampling_50_10",12939,0,0,0,0,0,"81.97",10606,"100",0,"0",0,19.573205947876
"337","Uploading_Attack","packet_sampling_50_25",12939,0,0,0,0,0,"81.97",10606,"100",0,"0",0,20.5356633663177
"338","Uploading_Attack","packet_sampling_50_5",12939,0,0,0,0,0,"82.73",10705,"100",0,"0",0,21.2970552444458
"339","Uploading_Attack","packet_sampling_50_50",12939,0,0,0,0,0,"81.92",10599,"100",0,"0",0,15.6092247962952
"340","Uploading_Attack","rule_based_eRBF",12939,0,0,0,0,0,"14.10",1824,"100",0,"0",0,38.632045507431
"341","Uploading_Attack","rule_based_fast_pattern",12939,0,0,0,0,0,"28.05",3629,"100",0,"0",0,23.7886307239532
"342","Uploading_Attack","rule_based_header_only",12939,0,0,0,0,0,"65.51",8476,"100",0,"0",0,25.776841878891
"343","VulnerabilityScan","packet_sampling_10_10",3802533,174,174,0,0,0,"61.32",2331694,"100.00",174,"0.00",0,16.828066110611
"344","VulnerabilityScan","packet_sampling_10_25",3802533,174,174,0,0,0,"51.56",1960443,"99.43",173,"0.57",1,16.4585518836975
"345","VulnerabilityScan","packet_sampling_10_5",3802533,174,174,0,0,0,"70.00",2661633,"99.43",173,"0.57",1,17.4664995670319
"346","VulnerabilityScan","packet_sampling_10_50",3802533,174,158,0,0,0,"45.44",1727699,"90.80",158,"0.00",0,16.453679561615
"347","VulnerabilityScan","packet_sampling_25_10",3802533,174,174,0,0,0,"68.14",2591218,"100.00",174,"0.00",0,17.0827214717865
"348","VulnerabilityScan","packet_sampling_25_25",3802533,174,174,0,0,0,"56.04",2130923,"100.00",174,"0.00",0,16.694812297821
"349","VulnerabilityScan","packet_sampling_25_5",3802533,174,174,0,0,0,"76.79",2920038,"100.00",174,"0.00",0,17.7227940559387
"350","VulnerabilityScan","packet_sampling_25_50",3802533,174,174,0,0,0,"49.71",1890429,"100.00",174,"0.00",0,16.2960336208344
"351","VulnerabilityScan","packet_sampling_5_10",3802533,174,174,0,0,0,"51.79",1969500,"100.00",174,"0.00",0,16.7432844638824
"352","VulnerabilityScan","packet_sampling_5_25",3802533,174,174,0,0,0,"43.51",1654488,"100.00",174,"0.00",0,16.1967709064484
"353","VulnerabilityScan","packet_sampling_5_5",3802533,174,174,0,0,0,"60.87",2314716,"99.43",173,"0.57",1,18.3811757564545
"354","VulnerabilityScan","packet_sampling_5_50",3802533,174,119,0,0,0,"37.47",1424786,"67.82",118,"0.84",1,16.1289563179016
"355","VulnerabilityScan","packet_sampling_50_10",3802533,174,174,0,0,0,"69.40",2638909,"99.43",173,"0.57",1,17.2280418872833
"356","VulnerabilityScan","packet_sampling_50_25",3802533,174,174,0,0,0,"57.54",2187905,"100.00",174,"0.00",0,16.8403067588806
"357","VulnerabilityScan","packet_sampling_50_5",3802533,174,174,0,0,0,"78.36",2979534,"99.43",173,"0.57",1,17.7220251560211
"358","VulnerabilityScan","packet_sampling_50_50",3802533,174,174,0,0,0,"51.35",1952464,"100.00",174,"0.00",0,16.4167454242706
"359","VulnerabilityScan","rule_based_eRBF",3802533,174,130,0,0,0,"26.08",991664,"74.71",130,"0.00",0,31.2767131328583
"360","VulnerabilityScan","rule_based_fast_pattern",3802533,174,62,0,0,0,"21.58",820570,"35.63",62,"0.00",0,16.0251803398132
"361","VulnerabilityScan","rule_based_header_only",3802533,174,75,0,0,0,"67.62",2571406,"43.10",75,"0.00",0,29.6625576019287
"362","XSS","packet_sampling_10_10",40183,1,1,0,0,0,"54.62",21948,"0.00",0,"100.00",1,29.0720853805542
"363","XSS","packet_sampling_10_25",40183,1,1,0,0,0,"50.62",20339,"100.00",1,"0.00",0,15.9476385116577
"364","XSS","packet_sampling_10_5",40183,1,1,0,0,0,"63.26",25418,"0.00",0,"100.00",1,16.2146880626678
"365","XSS","packet_sampling_10_50",40183,1,1,0,0,0,"48.98",19683,"0.00",0,"100.00",1,15.8310136795044
"366","XSS","packet_sampling_25_10",40183,1,1,0,0,0,"71.87",28879,"0.00",0,"100.00",1,16.4461019039154
"367","XSS","packet_sampling_25_25",40183,1,1,0,0,0,"71.52",28737,"100.00",1,"0.00",0,16.2365686893463
"368","XSS","packet_sampling_25_5",40183,1,1,0,0,0,"73.33",29467,"100.00",1,"0.00",0,17.0930814743042
"369","XSS","packet_sampling_25_50",40183,1,1,0,0,0,"70.95",28511,"0.00",0,"100.00",1,16.2249681949615
"370","XSS","packet_sampling_5_10",40183,1,1,0,0,0,"43.17",17346,"0.00",0,"100.00",1,25.5466232299805
"371","XSS","packet_sampling_5_25",40183,1,1,0,0,0,"36.76",14772,"0.00",0,"100.00",1,29.5874676704407
"372","XSS","packet_sampling_5_5",40183,1,1,0,0,0,"54.91",22063,"0.00",0,"100.00",1,44.9049379825592
"373","XSS","packet_sampling_5_50",40183,1,1,0,0,0,"33.85",13603,"0.00",0,"100.00",1,29.3034644126892
"374","XSS","packet_sampling_50_10",40183,1,1,0,0,0,"79.82",32074,"0.00",0,"100.00",1,16.5172479152679
"375","XSS","packet_sampling_50_25",40183,1,1,0,0,0,"79.78",32059,"100.00",1,"0.00",0,16.0662016868591
"376","XSS","packet_sampling_50_5",40183,1,1,0,0,0,"80.12",32194,"0.00",0,"100.00",1,16.2857694625854
"377","XSS","packet_sampling_50_50",40183,1,1,0,0,0,"79.51",31948,"0.00",0,"100.00",1,14.9743258953094
"378","XSS","rule_based_eRBF",40183,1,1,0,0,0,"12.91",5188,"100.00",1,"0.00",0,68.9651789665222
"379","XSS","rule_based_fast_pattern",40183,1,0,0,0,0,"28.12",11301,"0.00",0,"0",0,27.6280097961426
"380","XSS","rule_based_header_only",40183,1,1,0,0,0,"72.39",29089,"0.00",0,"100.00",1,18.8771328926086
